roc_auc,ap,brier
0.6010625737898465,0.5481790565901041,0.26077139078145023
0.6336842105263158,0.5664561269761623,0.24543571017885743
0.7037426900584796,0.6577027212345345,0.22051713726041058
0.6361443014705883,0.6365415386279041,0.24656876071761372
0.5808755760368663,0.5382959961992884,0.26663678541606883
0.6294765840220387,0.6539592666168399,0.24690460650340343
0.5451092117758785,0.462525916639851,0.2680857546681398
0.6147748161764705,0.59613416844591,0.25534872253076596
0.5893518518518519,0.5214617340216358,0.2614440588799489
0.5874158346877175,0.5637856827415725,0.25649360932989396
0.634297520661157,0.6756546565653229,0.24585258876352817
0.5801652892561985,0.49172629073994156,0.2668296795823931
0.5867511520737327,0.6034172741000148,0.264703258045784
0.6462545955882353,0.656929077381366,0.24117752897161238
0.6272321428571429,0.5298313261378335,0.24626306902113615
0.6954775022956841,0.7057468838101776,0.22549762608548835
0.5602507545855584,0.515065000862515,0.26428876128485485
0.6501630941286114,0.5699317831401487,0.2376914434141087
0.662075298438935,0.6978381068674693,0.2374668564118118
0.6323529411764706,0.6574023883237454,0.24816763518659776
0.6730195177956372,0.6365466165794581,0.23755974064031588
0.4998842592592592,0.5161557137984256,0.28513115486539
0.6687370600414079,0.6702365003277315,0.2336186637256394
0.6142003676470587,0.6587568237342335,0.2550811872931091
0.5459677419354839,0.5643400541456604,0.2784353990092561
0.5577409707844491,0.6015621563305297,0.2732012861228568
0.6123271889400921,0.6327014674710978,0.25150935858452933
0.5796522556390977,0.47372458474380424,0.27053183410895876
0.6300691244239631,0.5745786414648133,0.254192897964066
0.611446482470397,0.6630567687603339,0.25534526665691426
0.6669360424844147,0.6297121820146303,0.23567829622864556
0.6071182548794489,0.6382372657085968,0.2548508698586515
0.5573485024378918,0.5146774031779905,0.27176166521603684
0.6730414746543779,0.668964626944161,0.22911838678541574
0.6133333333333334,0.5694785668630613,0.24885906438350952
0.6371783088235294,0.5972990502151094,0.24287643537634143
0.6088070829450141,0.5832096508972493,0.25647928791910757
0.6850873161764706,0.6818225678306062,0.22560812418248652
0.6406141768644655,0.670996271354436,0.24957892298787684
0.5961891643709826,0.6339426704723574,0.25970347096880736
0.7020737327188941,0.6860894512057922,0.22372861060977356
0.6320450885668276,0.6002471347227115,0.24959765923929533
0.5775345622119816,0.5640466389171714,0.271583756109021
0.6420942651497563,0.5185880650304394,0.24634350570450628
0.5914522058823529,0.6280746416184848,0.2632636719962432
0.6608455882352939,0.6480202274411178,0.23616151361338514
0.6604554865424431,0.6646891692088384,0.23218964981240076
0.5709677419354839,0.5653053753480024,0.27038561199707734
0.539150401836969,0.5337617371441294,0.2835283148657183
0.6510560146923783,0.6953359970738244,0.23637114064618633
0.6890495867768595,0.6987251387082201,0.2261250205339493
0.6796785304247991,0.6648677982855807,0.2315351362653364
0.6143518518518518,0.5726319502685215,0.2510909077038592
0.6385361348418379,0.6246958865199455,0.2477858245238096
0.6264221035523565,0.6729117648607017,0.25428445454550735
0.5438657407407408,0.5370105008240245,0.2833050163493889
0.6392450142450143,0.5926146770077029,0.23332378933390974
0.579219288174512,0.5542510148605395,0.2651033453369577
0.6864523536165327,0.6931480148049745,0.2345126972958146
0.6567164179104478,0.6378677970168771,0.2375440646397398
0.7020318633110136,0.652198607891896,0.21960632604618704
0.6132965263400046,0.5824088347132431,0.2503010297151023
0.7064814814814815,0.6630100798125564,0.22380565115042156
0.5571461556222581,0.6025194202494695,0.27860941575283527
0.5444623161764705,0.5279762161304762,0.2805327056151261
0.6783088235294117,0.6657094164824322,0.2322860506858182
0.6521239954075775,0.6801656816838257,0.23797773473904774
0.6215437788018433,0.6659125501782499,0.2531197742959393
0.5670339761248853,0.5913773842288339,0.27461617162679575
0.5734787600459242,0.5569112244208496,0.2732407316658607
0.5845070422535211,0.5633501640549744,0.2644675532424906
0.5988224428538444,0.6603941611304865,0.26058381354489984
0.6430875576036866,0.6471056738714864,0.2455258762772558
0.5427881297446515,0.5878952444413715,0.28480978007518853
0.6554446250290225,0.6375638727628692,0.23886925383576887
0.6535541752933056,0.6340678726517217,0.23829386016923548
0.6331571691176471,0.6023790889067424,0.25079785344302574
0.4817235536189785,0.3844436661847333,0.2966581002764442
0.6047297297297297,0.674030370641042,0.2642678838739961
0.6338691159586682,0.6286025849200539,0.24579163155044587
0.6081959600650104,0.5732437092546958,0.25299616579473616
0.6668967103749713,0.6497857156287665,0.2337732657257204
0.5892403601939505,0.5664540268830255,0.2605277654954808
0.6192565227430155,0.6086926751075759,0.253568894265523
0.6247695852534563,0.6405722519508946,0.2511775380979131
0.5436498723009054,0.515531879535911,0.27003659422132475
0.6100643382352942,0.6420775147234797,0.2516686867675874
0.6363425925925926,0.6053442831023339,0.24820665952250254
0.6325051759834368,0.6591042508743626,0.2542785196737468
0.6092126529669822,0.5885537040522023,0.25197411107517814
0.609375,0.6363109247493501,0.2550913488583549
0.5866114561766735,0.5697547513729736,0.2574220683919751
0.6579890136135658,0.5423349093390997,0.24130451548082882
0.5644299976781983,0.5298848112185929,0.2735129752084317
0.6144661308840413,0.6038610132348478,0.25271472610966184
0.7404958677685951,0.6663483224032987,0.21088434228741115
0.6134328358208955,0.5993979397957565,0.2544520485141466
0.6863157894736842,0.6219589883028803,0.22778269299008075
0.6396365309408787,0.6676734586609835,0.23664563223885096
0.6737546992481203,0.6144130783232832,0.22925507068414766
0.6266309412861137,0.5574461186303986,0.24174409948246195
0.6264935661764707,0.6442716081552562,0.2474564089650175
0.5785123966942148,0.613465817658192,0.26988700783909364
0.6299746951920864,0.6043450922438888,0.2514513565715752
0.5661308840413317,0.584717117178777,0.27094599264452723
0.5721369539551358,0.5517339895224542,0.25295975334039983
0.7037635649965366,0.612446504074116,0.23044036986613764
0.556295955882353,0.5437069648965469,0.27513294141905964
0.5330578512396694,0.5305626221998538,0.28523639378959154
0.5604941122142693,0.5509655936767368,0.2628451748822031
0.6818704044117647,0.724132442739678,0.2291402695975125
0.5738231917336395,0.5820669719363735,0.2641847404232068
0.6389207807118256,0.6456393726265539,0.24751657161247897
0.4954086317722681,0.5402863649421976,0.289995070914211
0.5299881936245573,0.4633842556913388,0.2768717000057136
0.624390243902439,0.5264201651952124,0.2450384830858956
0.6072330654420207,0.5842374209375618,0.2588000875786362
0.6090085906663572,0.5434683170533179,0.2556674705215827
0.49295112781954886,0.4299315861736263,0.2972620178096305
0.5202546296296297,0.5488926609148267,0.27347928635964375
0.5634191176470589,0.5483651996972894,0.2832499378503561
0.6802879034130485,0.7032928351232963,0.23302407614722637
0.565677478720957,0.5233054884261866,0.2702689507206195
0.501731701685523,0.49202899746739054,0.29124012637211033
0.6184118876247968,0.5628888780998126,0.2477966571900095
0.6483796296296297,0.5959352469376209,0.23949136395583467
0.5813204508856684,0.5354465582501227,0.2696886214392474
0.5732996323529411,0.6040875633386672,0.273622654746689
0.5991498161764707,0.6162039705074458,0.26375332040421157
0.6044793350265527,0.6600462043256097,0.25012617612226873
0.5816714150047483,0.529857935441634,0.2589717808343951
0.6257188865884518,0.6301675080116891,0.24840672935767882
0.6155790441176472,0.6268667175826029,0.2543952418968382
0.598345588235294,0.598275768109978,0.26263461798471666
0.6707233065442021,0.6631650427353485,0.23562455213363312
0.7068287037037037,0.6919262724391844,0.2225751103409563
0.5857905734850244,0.5268467944936159,0.2619782325837781
0.572265625,0.5808301866946379,0.2696724100716956
0.6045496323529412,0.6087498009811535,0.2609167419378456
0.5653935185185186,0.5441593148587246,0.2692366259388334
0.6259182736455463,0.6030515708841737,0.24988004794647473
0.4883116883116883,0.44465021747342925,0.2954860213899685
0.5986902573529411,0.5898452700195638,0.258390583518225
0.575187969924812,0.6520608736958886,0.28111613890157144
0.6051756885090219,0.5414517566244069,0.2502213423198341
0.7102534562211982,0.6467745122230514,0.21879017376426074
0.5926800472255017,0.49593796764002834,0.25513195169090386
0.5771435395271077,0.47532568425199223,0.25438548440863695
0.6164383561643836,0.5578225478522485,0.2514668635873244
0.6066345270890725,0.6241752644603189,0.25946964550105395
0.6088404133180252,0.6164796577041695,0.25552453852461904
0.5998391544117647,0.6079829952595887,0.25882428815167674
0.6956018518518519,0.6529636225120252,0.22247154040565825
0.5800925925925926,0.569823483829733,0.2602079892075582
0.6499653659662896,0.6344820273924403,0.2392684702245678
0.5190387740886928,0.4802314614008746,0.28877047319032334
0.5575438596491228,0.5249230141121954,0.2748420103770028
0.5800045913682278,0.6049545064553332,0.26771715114319633
0.5163143382352942,0.5194540095473722,0.28484302698453595
0.5633737185461324,0.6413050925230873,0.2700233837792309
0.6581726354453628,0.6443120878798919,0.24229089982832225
0.6895424836601307,0.5687165681931337,0.22169045934590156
0.630801200646502,0.6201069800536682,0.24567952650653582
0.6787600459242251,0.6561843729897229,0.23053000409740595
0.6015642972164711,0.5771391283880867,0.2579312999767288
0.6293778801843317,0.6245272287746997,0.24521599098597419
0.554050925925926,0.46375343776496936,0.27801101494450065
0.626564344746163,0.5134717017904623,0.24745928519292604
0.5347222222222223,0.5322232769570598,0.27662838525949185
0.6239954075774972,0.6061660493078916,0.2511097028577973
0.5996089256958822,0.6027391349454014,0.2558163309822192
0.656429721647113,0.607723851496603,0.23704553976040607
0.5491898148148149,0.5289432982835417,0.2741599158982071
0.5601118359739049,0.5311945045664679,0.26631880022076976
0.5740350877192983,0.6569208525051204,0.27240889655266165
0.6100759144237405,0.5889398859970626,0.25606639874488574
0.6641258913203836,0.7671628587686865,0.2430022965839152
0.6031746031746033,0.5910147825837614,0.25362619127047326
0.6153665413533834,0.573576481741821,0.25043592784605295
0.5723487462617897,0.5713714474777765,0.26569310051879946
0.6277649769585254,0.6818573004272871,0.24902590658617588
0.6384863123993559,0.6329708566281204,0.2466009464860662
0.5807986997910378,0.556623278809814,0.26729673137122384
0.6960233918128654,0.6224050997894368,0.22066389418873694
0.6785714285714287,0.6092156918328294,0.23092094331247975
0.6028630801200647,0.5701447412290128,0.259027466338645
0.6595500459136823,0.6609378331112226,0.2362704002876081
0.5890395220588235,0.5789431184358619,0.2584290331807068
0.515390037593985,0.4788685709021241,0.2853678370514807
0.6555555555555556,0.6257878583375309,0.23823314140105933
0.6432898415657037,0.5846627055696748,0.23983345332022435
0.6285583103764921,0.6258909085245089,0.241873773579919
0.5695082720588235,0.593330344798523,0.26565212689505724
0.6093568609240771,0.6381996327238075,0.25788401233818004
0.5633770416379111,0.6095840924697434,0.26810563381877156
0.624310661764706,0.6024685204639475,0.2494410876276164
0.62443919716647,0.6121420945746489,0.24266688750343085
0.5540509259259259,0.5328478153717044,0.2829337128510084
0.6498277841561423,0.6857215031435974,0.23956351285270183
0.6530106257378985,0.6073892367761721,0.22942757903729163
0.6774305555555555,0.5973858407695776,0.23260300426528785
0.6518125144308473,0.656604640604947,0.24247632411386666
0.5598575367647058,0.577730109148487,0.2692105958690342
0.6407011841188763,0.6953248918603281,0.25235248592064174
0.604247990815155,0.6184347574168131,0.2554589484893824
0.6173670768516368,0.6627142534956393,0.25548503873273926
0.6161057692307692,0.5214921983508736,0.24695909529901872
0.564197817506385,0.510169695336852,0.27298060564832005
0.5855324074074074,0.5489922742774166,0.26079625159123726
0.577664267471558,0.5608480069536022,0.263370692082282
0.5867005310551836,0.5472123405618725,0.26307468704981296
0.5202031863311014,0.5354130785692178,0.28083019393954867
0.5519510505656893,0.531055155927837,0.27304231936278067
0.6303240740740741,0.627375279211699,0.24284356282587313
0.567722681359045,0.6061248684161761,0.2690103073564567
0.62,0.5602207318663535,0.24633966742528218
0.6316636029411764,0.6371119104539967,0.2484503904025873
0.6163793103448275,0.5878025497638097,0.2493719221909313
0.5261574074074074,0.4992982331661249,0.28262102031824793
0.62353616532721,0.661257539985143,0.24733173154959331
0.5606165171382563,0.574350428325877,0.2748390901488848
0.6276497695852535,0.6178539040524371,0.24919694943066648
0.6219231654014262,0.6445522403207415,0.24590757597940022
0.5738740808823529,0.5371030458867874,0.2692751342488768
0.5962826137150773,0.639759171188411,0.26590603238378296
0.5938578329882677,0.6172681373639914,0.25981759971804064
0.6855302507476421,0.6715934366596468,0.22838263140123297
0.6921928817451205,0.6998112852121364,0.22700345674589645
0.5808270676691729,0.5240500485633501,0.2609901828699409
0.6245404411764706,0.6134355275040501,0.25350175447425805
0.5408986175115208,0.5539321116446142,0.27843989376686507
0.6057050839659536,0.6505394011782104,0.2547858439868158
0.6347876004592422,0.6308039934818991,0.2445863746158112
0.6330422794117646,0.6571343529501852,0.24875376206673652
0.6200460829493086,0.6477082887841271,0.25611746515952555
0.5888888888888888,0.5175142301979117,0.2633651819090373
0.5760168650793651,0.44763143991913285,0.25809523953707253
0.580119375573921,0.5950783430383781,0.26940328264569186
0.591898148148148,0.5624224046480424,0.26257409419947686
0.694897483690587,0.5873254350920397,0.22779012565662493
0.5475315729047072,0.5751646554681524,0.2834416330935027
0.6695752009184844,0.6252068092519528,0.23463996403335913
0.5848878394332939,0.5228432658202824,0.25655801883732676
0.6748332183114792,0.6452754080269558,0.23270574097539237
0.650057405281286,0.64852074944522,0.2384818909205559
0.5357142857142857,0.49536605784552346,0.27630084452057574
0.6021369485294117,0.5713066494147824,0.26017032806478824
0.6587393211729393,0.6530415835893193,0.23487609466485337
0.5782447179010912,0.6404309579477097,0.2741539440582453
0.5945542279411764,0.6184891393210727,0.26166519151921097
0.5736253494874185,0.5750195687991125,0.26380607127965866
0.5893246187363834,0.51007453567464,0.2560663758016452
0.6145153774464119,0.5603414983475185,0.25216234565102086
0.6260619977037888,0.6139582669769559,0.2510120401611881
0.5799291617473435,0.5158283761948743,0.2635283871444779
0.5797996272134203,0.5726360215376488,0.2664763831360007
0.7004156084045255,0.7129446935533795,0.21790169053780506
0.6455783883629647,0.63641183203893,0.24064663039364934
0.49896599264705876,0.5029107554104115,0.2944381952899345
0.7530106257378983,0.7084749197696726,0.2039418173419937
0.6078904991948471,0.5940665622131076,0.25493615309199774
0.6802879034130485,0.7123703524781368,0.23260733543545623
0.6801843317972351,0.6389970402893687,0.22595614686122925
0.6005284926470588,0.5860350539810248,0.2596269305490632
0.5858796296296297,0.6235341216629771,0.27001007840270574
0.643625730994152,0.6105651358426077,0.24327856958199154
0.6251437773176903,0.6320507774988241,0.2507570767042685
0.6337371854613234,0.6005865160369729,0.24648824107441572
0.5992883379247016,0.6298550875067539,0.26048948715164727
0.6252297794117647,0.6197920793791167,0.25193474463906723
0.5907943067033976,0.5752382662700448,0.26348682242828275
0.6650801021592757,0.6018837759180037,0.23480502877896087
0.5408834586466166,0.47101685109098884,0.2763859837323375
0.6422222222222222,0.5558032029124089,0.2457726758330172
0.5546498277841562,0.5908980980054618,0.271920949942072
0.5473331794042947,0.6109704615014453,0.27711354222712153
0.5737781954887218,0.4940378089581581,0.2648554118622321
0.563849547248665,0.6282397781689804,0.2762901061057717
0.6293658088235294,0.6221620318815362,0.25407707772567534
0.6232718894009217,0.5962902385601472,0.24923114158928697
0.49744572158365263,0.39495591608810404,0.2692327301788912
0.6012731481481481,0.5224725494703466,0.25944358521913286
0.6169617893755825,0.560412100244007,0.24895314849467298
0.6371507734934195,0.619658983811397,0.24895017284827287
0.5621103671207573,0.6107020800086014,0.2727957823126813
0.5767195767195767,0.5619644015837439,0.2642632419230841
0.5730324074074074,0.5061809932703567,0.27317629288108786
0.5751092707614447,0.5718009533198176,0.27218552563174114
0.6195852534562212,0.607332641561876,0.25096490171929836
0.5201388888888889,0.52036079457158,0.29599878280903963
0.4972445464982778,0.547836631180202,0.2941247804675027
0.6053122087604846,0.5320898353345457,0.25280117561411436
0.6156015037593985,0.5381414916248773,0.24974870634028962
0.6629807692307692,0.5523016073476316,0.2327615825011611
0.59953216374269,0.6712245476938643,0.26545307645784977
0.5965135072731471,0.5688943266855379,0.2612844487019634
0.6179723502304147,0.611490719855508,0.24976311445264884
0.6733379342074994,0.7125240865245479,0.23132305589526242
0.5937791239515378,0.5873720436842222,0.2551902562539025
0.6039751838235294,0.5620543014808033,0.25670228065304723
0.5774697110904008,0.5614098988970846,0.26290636339151346
0.6396096440872562,0.645547143422809,0.24201489940855792
0.6133693609022556,0.5111271132652913,0.24804268949678213
0.6776859504132231,0.649157248598126,0.23861751082319832
0.5821461397058825,0.6061707507338013,0.26487001365763807
0.5865119485294118,0.6119535009614158,0.26441734854604443
0.6034443168771527,0.6372426249452514,0.25243957972147646
0.6051423324150597,0.6335300407774207,0.2604042082065757
0.6570076194874164,0.6924639633093039,0.24141597370084253
0.588336783988958,0.5858638200229673,0.2635345183817836
0.6269914569383515,0.5637925727943646,0.24890819085472632
0.5902793812052644,0.626309063058033,0.26632868434102164
0.5942378328741965,0.5891472492684711,0.25943948260438976
0.5585094032969584,0.561695310325477,0.26826567862313033
0.6263774104683195,0.6333133211781735,0.2538008743859531
0.5362502886169476,0.4991031727107529,0.28559400176199623
0.6477611940298508,0.6679494754000431,0.2439070909112488
0.6449908088235293,0.6417831842247597,0.24331002262694426
0.5989187945709684,0.57924588518781,0.26019793630728155
0.5776956822904642,0.567445474847614,0.2611604253493849
0.5910997204100653,0.5156449388060116,0.2588520978094923
0.6211980496865568,0.5235210379665813,0.25241454059637025
0.6376811594202899,0.6568153068035392,0.24784026484504615
0.5541905855338692,0.5395619124865871,0.2741688536668683
0.6218417945690673,0.6774078140265664,0.25435095851817974
0.4863772800738859,0.4688107552582025,0.295298020429087
0.554403541472507,0.4802819244744655,0.2703380766124187
0.6060501495284104,0.6787562290608249,0.2562820486299102
0.7015323891339679,0.7337987571615101,0.22328600168249216
0.655622258138998,0.6719093108513898,0.2429187997972206
0.6652421652421652,0.5970468743816779,0.23828965873470948
0.5446920955882353,0.5814711774779642,0.2799669389334001
0.683249080882353,0.616241650013193,0.22970253604952864
0.6368760064412238,0.6296295824349805,0.24532521345559652
0.5898148148148147,0.5505802894577847,0.2634543437652806
0.6290921755282098,0.5775303904616093,0.24472128753880826
0.6312040441176471,0.6128081261852087,0.24721203936739652
0.6437773176903612,0.6346916257363662,0.24602268784555067
0.5819163602941176,0.5963210229115699,0.26819725328405
0.6267361111111112,0.4778371918690643,0.25025505619603583
0.49254426840633736,0.5868140612621459,0.3032489217291353
0.5780101102941176,0.5769392185317666,0.2676219875811983
0.6045684113865932,0.6166428407191223,0.258939764049529
0.6463133640552996,0.6008103379238444,0.24473982552749515
0.6164746543778802,0.6676043039118285,0.2535849892138947
0.5622130394857668,0.6054813903467391,0.26824345517304143
0.658695147434409,0.5630108346620135,0.24278450230333565
0.5351851851851851,0.6332156334541668,0.2794093444569057
0.5484095658230788,0.5189406270592057,0.27052165333255274
0.680212422073424,0.6499118435942102,0.22970136272067332
0.5830645161290322,0.6607614450311412,0.26884476623855325
0.5716646989374263,0.49703961781844613,0.25765323026118986
0.6118012422360248,0.6335038307321517,0.25792534628154895
0.5938002296211252,0.6118773009193591,0.26367473982465345
0.5978860294117647,0.6475605625621002,0.25350180128889366
0.5328703703703703,0.5986507708602852,0.2824032055820499
0.6017008387698044,0.5569273540566709,0.2567529672676219
0.6296726259577433,0.5773342503165958,0.2535441327107776
0.5955899330408682,0.5651398584324723,0.25957064860158324
0.6994485294117647,0.6984373527358892,0.2266337648752893
0.613625919117647,0.6472038071077202,0.25628782904055225
0.5554910610633852,0.4900361561668081,0.2781376552340982
0.5546365330848089,0.5075751070506103,0.2758707105585511
0.618242466068553,0.6457052718206006,0.2561339931164461
0.6028295376121463,0.5897456246354661,0.26380722190963257
0.6081871345029239,0.5395659017432233,0.2524314746407346
0.6338465073529412,0.6376540500438254,0.2508806742498831
0.5984795321637426,0.5416642756800387,0.2656903147774707
0.5816208727776495,0.536872027392629,0.2640542366026566
0.5096153846153846,0.4524457958886663,0.28689854510550394
0.5623421354764638,0.5729549312167282,0.26687832346052703
0.6244536461927767,0.6635251029259573,0.2553239626954642
0.6230733839429491,0.6336445778691044,0.2492523055884402
0.6470723306544203,0.6424859158982328,0.24100479909904818
0.5673054721773262,0.5838854292264148,0.2599095111018639
0.5541905855338692,0.5524779969614458,0.2741948803120383
0.6765786452353617,0.6906350568580516,0.22765223605196688
0.6129069498960978,0.5811062210998623,0.2532395596514175
0.5497685185185186,0.6107880283829137,0.2840656888873553
0.6070772058823529,0.6262616314047937,0.2572882615712702
0.5952935694315005,0.6809775766959214,0.2610801155513509
0.6596648301193756,0.6711290809142589,0.2404106539535243
0.6326483491110598,0.6076612482961464,0.24435036842669852
0.5452751335035988,0.5179296035302154,0.2703796482405001
0.5647382920110193,0.5938432257026056,0.28078531391334893
0.5831228473019517,0.5683131492230236,0.27762743913830373
0.5886075949367089,0.485713264862756,0.2530354830420416
0.6450617283950617,0.5520853284003279,0.24224169896958728
0.6156257255630369,0.57391211746056,0.2557796814943612
0.6312907735321529,0.6962558855496126,0.2549986775619412
0.5700483091787439,0.6291302713124401,0.2719405726805792
0.534421992481203,0.4512717101681964,0.28067993064605135
0.5122320596458527,0.4996600662911439,0.2727309266218866
0.5832945013979497,0.5184209824661085,0.2638929692803867
0.6339679591362898,0.7095696501300199,0.24694005316624512
0.6878433245760689,0.6451797544924198,0.2182584273436312
0.6083505866114561,0.6180235432178323,0.25347283189170366
0.6090303308823529,0.6285804732670202,0.25061778457813716
0.5645773979107314,0.5114259199055635,0.26288302057425
0.5167998120300752,0.45165887383986697,0.2845846619793115
0.5672963400236127,0.5117261022545334,0.27532701601689147
0.5974370815054261,0.642578127339984,0.2601192303807231
0.7098737083811711,0.7313599405367348,0.21684907985589497
0.5589473684210526,0.5011659991407038,0.27053836667718545
0.5567680520083584,0.5241162376645782,0.2765579181127558
0.6065573770491803,0.5909338127409706,0.2510842479862022
0.5573770491803279,0.5710695145925253,0.2684065897504976
0.595672514619883,0.5545439305427211,0.2627108964961171
0.6435655253837071,0.7285046621656276,0.24467575825034704
0.5622222222222222,0.5232558534098897,0.265106798188025
0.6144675925925926,0.6382165726600474,0.24416345780892443
0.6501608455882353,0.6267844004027405,0.24165702394504238
0.7136948529411764,0.685742532120655,0.21765635172160436
0.6157290470723307,0.6181351866430058,0.2543526913157321
0.5660009182736455,0.5877795246680892,0.27070777915333455
0.6196759259259259,0.6561086847347029,0.2528629681478719
0.591827257952171,0.5860291895562875,0.25758461271088856
0.6184118876247968,0.5624561725464214,0.24961427888733012
0.6315487132352942,0.6106304636694649,0.2517752480253246
0.5722080334339448,0.5132575324252457,0.2635430440749138
0.6084101382488479,0.621466655713994,0.25271551434196987
0.5046082949308756,0.5366537782132383,0.2876368041327147
0.576171875,0.5521628778627679,0.2655613366946435
0.6555299539170507,0.68229192879179,0.24260912404469104
0.6367660764212488,0.7055374967211976,0.25225096312077083
0.6421185661764707,0.610570066847627,0.2432280888433925
0.6015931655506812,0.5268778762628091,0.25926854550166817
0.5555299539170506,0.56869362936549,0.2786068039773118
0.5327812284334024,0.5626463008354208,0.27782537581976563
0.6654040404040403,0.6839392098802419,0.2371763823606776
0.626736111111111,0.608573778365601,0.24878233442283848
0.5335950126991458,0.6003364314997327,0.286380143787998
0.5571759259259259,0.4924339553995186,0.27741280645184585
0.6429723502304148,0.6219040622886197,0.2392444245782716
0.5730698529411765,0.5444018543450078,0.28061505233537737
0.5417050691244241,0.5031785130721813,0.27937278968369916
0.5476792279411764,0.5660997461019524,0.2829798559402982
0.6164958061509785,0.5762565162103029,0.2495103783860878
0.5519571295433363,0.5185175467495,0.28205426544645334
0.5619255514705882,0.5986881523184604,0.2764511194422177
0.6120731707317073,0.48991670700679035,0.2417939461953891
0.6535672514619882,0.5782049612590008,0.23695022640743374
0.5580941446613088,0.5890847007678831,0.27973470771289866
0.5303308823529411,0.5424597377650302,0.28203276567301033
0.6673684210526315,0.5781529246065762,0.23795861086067052
0.6600092357423228,0.5773009752994642,0.23974961304295317
0.6235064338235294,0.6013356590407073,0.24849524301918405
0.6113450292397661,0.5505063887062035,0.259093115004453
0.7135955831608006,0.7035845085144588,0.2154361403748102
0.6092996555683123,0.6237872857414593,0.25733840459904217
0.6055183560378665,0.6347238404568826,0.2620647944678371
0.59150401836969,0.608107875079901,0.26696415921829325
0.612773029439696,0.5315912176140684,0.24151144729324356
0.6509086726478032,0.629323540984886,0.24459256192584045
0.6392857142857143,0.6434744923510538,0.24631032621404228
0.5763314967860422,0.5801049805191895,0.26824859515320243
0.6122472426470589,0.6372813459134379,0.251513790659039
0.6282407407407408,0.5887050255158226,0.2493210091761208
0.6871405567057741,0.6938496694259393,0.2261280129124945
0.5850419384902142,0.5266631368254828,0.25905622066651496
0.6149940968122788,0.5647701881955347,0.25202232960974963
0.6927485380116959,0.6317724388625383,0.22415517445608277
0.6433172302737521,0.6940209206020781,0.24499786276095145
0.6106773823191735,0.6178952886556497,0.2544382427581042
0.5573299632352942,0.5335291544733531,0.27497019109674053
0.6069124423963134,0.5820602246344291,0.2573089126048785
0.5934296365330848,0.5210269106239483,0.25601976666133264
0.6050792171481826,0.5370749962227416,0.2540693965365161
0.7054986020503262,0.6405870427126509,0.21893163058805448
0.6570760233918129,0.603293881689738,0.23730377345379966
0.6652113970588235,0.6365153467969384,0.23336688558745897
0.5296082949308756,0.4787620257162113,0.28724464570649094
0.5657407407407407,0.5389470782336305,0.264052887300709
0.6712973593570608,0.6806628455957354,0.23542864493493867
0.5663194444444444,0.5336606178478388,0.2664147356302557
0.6469907407407407,0.6189239812856588,0.24344389061008126
0.6518128654970761,0.5332333198848394,0.24297093499558928
0.5587761674718197,0.5310661008202013,0.27741178596599825
0.59421992481203,0.5135209355431407,0.26104183669713943
0.6538194444444446,0.6650305792190843,0.23858200632965043
0.5929457720588236,0.5518275861687525,0.2643329582071542
0.6137408088235293,0.6201689239088073,0.2504148317912425
0.5762867647058825,0.5996084115209335,0.2682727734930378
0.6115853658536585,0.5001744968783052,0.2551017559658353
0.5805970149253731,0.580149858927568,0.2621792304675046
0.649701286764706,0.6446356474835759,0.24293999266507812
0.5629208265614116,0.5584027349326592,0.26275527131973
0.5604319852941176,0.6100861321947986,0.2727176553832987
0.6060425125388107,0.5161636066401877,0.25512597550070487
0.5829503676470587,0.5647051298486798,0.26468387182177944
0.5796831314072692,0.5050108946876553,0.2707193099604394
0.6866776315789473,0.6129230918421473,0.22707914387947184
0.5956981826547043,0.5822344448354555,0.2610517241512982
0.5771889400921658,0.536848401189457,0.25954767155032166
0.6347263911336873,0.5634830120938168,0.24795997182461538
0.5934146341463415,0.4664021263120019,0.2615113342301903
0.6407296236435004,0.6041547404358779,0.2443508080916863
0.6144467448815275,0.6492683191130519,0.25305793668276705
0.580233918128655,0.5203658774995683,0.26262127721329614
0.6364784205693297,0.6667731581499527,0.24291075592790765
0.5781859931113663,0.5999498313325379,0.26252062323372044
0.5821917808219179,0.5315547896071772,0.2629823752326333
0.6295955882352942,0.6007484514526991,0.2526165086051447
0.6500459558823529,0.6540499163021598,0.24355286220396574
0.5430875576036865,0.5902644113236364,0.2801827765652238
0.5765786452353616,0.5729823572005752,0.26512339687731573
0.6247979681366891,0.6623569615625213,0.2566194330320791
0.5747416762342136,0.5668743345734228,0.2678367354828177
0.5980116959064328,0.6458723864440437,0.2615996315600139
0.6122596153846154,0.5153572894415911,0.25164415785261934
0.6883413461538462,0.5863220534520501,0.23190903951846256
0.6069788797061525,0.6322508930516819,0.25639400004212326
0.6110979929161747,0.5048568487653571,0.25414697044146883
0.6053538602941176,0.6458958019377965,0.2588958409211489
0.6994239631336406,0.715926756454522,0.21764998734959465
0.5959925442684064,0.5205922509318219,0.2542374002903046
0.549517463235294,0.5911714515377717,0.2796123714250772
0.6633731617647058,0.6077300245147303,0.24011251459745278
0.6365735395982453,0.5887559099443394,0.2535423579968185
0.6400046436034362,0.5937536613906348,0.24257719714332507
0.6685431985294118,0.6656007169416454,0.2349276559587108
0.5158438576349025,0.5290152364627306,0.29088387614281386
0.6293617998163453,0.5915519515608981,0.24578018710492247
0.6512352805356729,0.6205124037012061,0.2363755773111981
0.6158088235294118,0.6969439120119469,0.24800255156205134
0.6570601851851852,0.6094799207940802,0.2346760028844721
0.5969352217320641,0.558887931165567,0.26364340793079893
0.5360233918128655,0.4931276254988584,0.27895419765996055
0.5852846648301193,0.6065491180788694,0.265299137215284
0.6092745638200183,0.6092729055054703,0.26140530861570666
0.5913273521969173,0.5941690870716939,0.2594184687577181
0.5242194674012856,0.5694208142710621,0.2828854364141252
0.6037497124453647,0.6352933881241002,0.26535067849891136
0.5328584558823529,0.569320750418505,0.2791227019319932
0.5806932966023876,0.5909073140841388,0.27108799689434115
0.5668197474167624,0.5352848451720904,0.26986143533549223
0.6623842592592591,0.6003149768596319,0.24187104022486614
0.5179063360881542,0.5527385388462364,0.28844980386436864
0.5561071346109444,0.5111331576853876,0.2802832694211007
0.5716959064327486,0.5336453108108803,0.25924521348986823
0.6583850931677019,0.641098218078892,0.2372276049573255
0.638946399815965,0.6166741857884828,0.250158933408678
0.6067402806533242,0.6256032465078774,0.25858617454547417
0.6276693455797935,0.5881180169349705,0.24663320017840887
0.5688062803047795,0.5172931756186618,0.27430774022925386
0.6914619883040936,0.7432734287727801,0.23062564359907847
0.6642857142857144,0.6474244532176924,0.2318258842845937
0.6358796296296296,0.6221352025993407,0.239471617435077
0.5539351851851851,0.6400255107316943,0.27086462528305283
0.5796785304247991,0.5457697437586755,0.2639225479788726
0.6743827160493827,0.5905805451867159,0.2288362536016421
0.5786749482401656,0.5941223627626664,0.2690205992651965
0.6626281453867661,0.5774749151465277,0.2322186412543486
0.6833643988816402,0.6953606452755718,0.21896796649107603
0.6164529914529915,0.5388999018199279,0.2538828413891749
0.5668981481481482,0.5851565943026327,0.27363445855212
0.6573020664035291,0.6179725420610169,0.2383524148247342
0.6472886029411764,0.6358348517294786,0.23958310571401045
0.572091943348038,0.526824778802802,0.26772015013990297
0.6830193014705882,0.6939045458364947,0.2351290760930541
0.6599721383793824,0.6421907951092741,0.23807775247752547
0.6373485554520038,0.559010457176342,0.2434500185858757
0.5740740740740741,0.5631526807845613,0.26012109172475056
0.6320711152158854,0.5897344377076545,0.24481607399581537
0.6202066590126292,0.6255178407486552,0.25373102195792757
0.673206408172742,0.7087920227991413,0.23327607855985227
0.597926267281106,0.5859037210859575,0.26611919154017155
0.6299930731932579,0.5796112181193747,0.2455305273881333
0.5683593749999999,0.5693923070552525,0.2676813282557805
0.5609644087256027,0.6095165926742475,0.2723568591941729
0.6828807556080284,0.5777092290263375,0.22909275788077477
0.6153225806451613,0.6951838614262181,0.2527126858107296
0.5951923076923077,0.5181705108930732,0.25344837351895827
0.6146970048757836,0.5418114402792251,0.2504768739986435
0.5936277892799633,0.6230839555295801,0.2603888466103554
0.6291695422130205,0.6066027464397631,0.2540494511633442
0.58203125,0.5919690453434973,0.2654780173630747
0.6640552995391705,0.6465138884699224,0.23514602096149076
0.6649827784156142,0.6636380471816419,0.23542393938741268
0.6606158088235294,0.6785385159321099,0.23653717222318052
0.6061063385186906,0.5387402900480491,0.25308773321416617
0.6158088235294118,0.6298976497638351,0.25278786362327876
0.586603204086371,0.6610684658821593,0.26600865527152256
0.5515381083562901,0.5545213360018618,0.27596473748011513
0.6971297359357062,0.6578487115373287,0.23119198425726983
0.5227743271221532,0.5637848480257277,0.27867323783734976
0.6353807223372441,0.6437462689959821,0.2402443641293471
0.6074853801169591,0.57118055250913,0.25446436708946596
0.6469575200918484,0.6549553275881229,0.24265919428166566
0.6140625,0.49459431063983456,0.25731132438828996
0.6461988304093568,0.6046453809384513,0.2458619183023621
0.6912861136999068,0.6535273983053832,0.2239575619301114
0.7001378676470588,0.6460994523698432,0.22788766757373397
0.6876033057851241,0.76106867456719,0.23236790226891874
0.5971664698937426,0.572308016825026,0.2512530169800747
0.6213235294117647,0.5934865689014571,0.25053182667267115
0.6001152073732718,0.5290857186881135,0.261933510724455
0.6818704044117647,0.6703923299183427,0.23015741543277002
0.558294930875576,0.5727256635271463,0.2632627670927039
0.5629279811097994,0.5115398724047119,0.2627332732401576
0.5754385964912281,0.5300541372449941,0.2593503115304528
0.6028630801200646,0.5765143814779186,0.25953820480494705
0.6105263157894737,0.5168725978469175,0.25587689762219823
0.5782148608235566,0.6008791749935994,0.2691443228867018
0.5994874184529357,0.6521035507654931,0.26785434878212194
0.7090292907286371,0.6503723430917213,0.21323815241995736
0.6374511157119853,0.6320115631950909,0.24596342739130628
0.6356847426470589,0.6347531382721233,0.24887933204415744
0.5538461538461539,0.49591720170936526,0.27675213508306
0.5391364580928192,0.5234207587722213,0.2777791624413659
0.5342690058479532,0.5200937108718431,0.271657990392902
0.6361653272101033,0.6336466858947516,0.2445525378075137
0.5967853042479908,0.6306401436775717,0.259343040536684
0.6020243846330803,0.6386714273073796,0.25859227938219664
0.5475806451612902,0.5499050470589595,0.28063363962455273
0.5941230486685033,0.6109778337237262,0.26374374747366053
0.5671658986175115,0.5895152287531475,0.2732860234181454
0.5965099715099715,0.5553518164170144,0.2567037764784169
0.5258323765786452,0.5629955946879173,0.28932885137730746
0.5970149253731343,0.5781800207204786,0.26434803083966535
0.49747242647058826,0.5133415282330003,0.29430726359923604
0.6593902439024389,0.5835306992322665,0.23968381886455614
0.6603305785123967,0.6329372310585075,0.2336386173522931
0.5247296986427421,0.5353240581756684,0.2867573741970636
0.5499409681227864,0.5525627111200483,0.27117897961584186
0.580078125,0.6062866688156155,0.25937828855212963
0.6018433179723502,0.5576432446045788,0.2562856148443425
0.5878378378378379,0.5423508656271234,0.2595708917243661
0.6472279733149299,0.6658396062232297,0.24130088827115995
0.5595293569431501,0.5008179459017935,0.27216728360932696
0.6235334713595583,0.6388811782060432,0.25415756940436984
0.6071920955882353,0.6150563691641379,0.25153737362694556
0.5243342516069788,0.5710894165235754,0.2776499249533394
0.5984604779411765,0.6085663941732965,0.26781484620813156
0.6460829493087558,0.629058374994512,0.24109538381106752
0.6429391504018369,0.6305800998879818,0.24176444285454668
0.5783008036739381,0.5735548238219492,0.2644695186136637
0.6544202066590127,0.6546762259615518,0.24190253896993089
0.6674390243902439,0.5099522103086583,0.23668488988934056
0.6116898148148148,0.5756631893810428,0.2519120463603524
0.5955135773317591,0.5358617417329044,0.2547422078326925
0.6322115384615385,0.6947035909341358,0.25554964515394474
0.6157894736842106,0.5560124053246163,0.2507944251919867
0.6568312284730196,0.6392918558277264,0.23513688350472428
0.6330645161290323,0.5967054437859185,0.2479777144504877
0.6017943409247757,0.5767435418331661,0.2544694304327843
0.5310096153846153,0.46466043758224684,0.2814852955820376
0.574419139636531,0.5714583768068355,0.26946216110141663
0.5629595588235294,0.5845204476305037,0.2684769024882696
0.6709558823529411,0.6855499028633931,0.22996866014368023
0.6655529953917051,0.6946884076049458,0.22991393598017612
0.5681295955882353,0.6089354021561666,0.27253356443828186
0.5793887867647058,0.5806329928506241,0.26740092700691637
0.6146957520091848,0.6449737430494393,0.2519423087046535
0.559179869524697,0.6494659907280962,0.272190915721489
0.6027649769585254,0.5608218859185146,0.26002081731265747
0.6318402216578157,0.6227120968441806,0.24182502708061474
0.6114430147058824,0.6361500317914408,0.25129480746122684
0.6061997703788748,0.5992408148747674,0.2630263566087759
0.6079916123019572,0.5871831146847252,0.25773223460621714
0.5812270220588235,0.5948982521960302,0.2694146741736466
0.6948529411764707,0.7115523321151681,0.2218759389390531
0.6518433179723502,0.661768160228787,0.2372137718675347
0.6083040935672513,0.535880583484475,0.2531104941240221
0.646537842190016,0.628789918982191,0.24084464170140374
0.6519298245614036,0.5705331148228341,0.24352281277124357
0.6917414308718656,0.7015137195409549,0.22187616847004907
0.6325757575757576,0.6358518957886943,0.2488181205564764
0.6796641361858753,0.627710532368309,0.23672762700047834
0.6069703243616287,0.5624640668479175,0.25847467121786083
0.5962725546058879,0.5062489820230098,0.25948960249960984
0.6881757533931446,0.7314606594622997,0.2270601177227249
0.6505166475315728,0.647354367198196,0.2459392336466289
0.581630309988519,0.5711062242943318,0.2702356687983206
0.5174833218311479,0.493011337807243,0.28578384058981765
0.5630184331797234,0.6056459052680336,0.27027084631657494
0.630591798695247,0.5970411046196976,0.253267932198509
0.6358208955223881,0.6496514000068863,0.2446532282265091
0.5990783410138248,0.5500622906706383,0.2642263615431883
0.644122383252818,0.6244292112874443,0.2495927959429818
0.6635674931129476,0.6278442409262426,0.23886791047883538
0.5707602339181287,0.6263890851192367,0.2665047813898918
0.6450425580860365,0.6778223133677719,0.2384793369696855
0.6544877819548872,0.5436460753083115,0.23848502880286276
0.5983796296296297,0.6453680255315151,0.25870680551313907
0.6206896551724137,0.566223122891404,0.24952456393078812
0.6921015843429638,0.6578530906014107,0.21970869431463114
0.6806993328732459,0.6920905802453807,0.22719718312456638
0.5300751879699248,0.43123564490289795,0.2857781099103916
0.6432674632352942,0.6568130678279656,0.2434286293301005
0.6487603305785125,0.639531291814059,0.24189157841266767
0.6116883116883117,0.5543403390720065,0.24496164457095293
0.6318850902184237,0.5626163152377113,0.24192193072789667
0.6835087719298245,0.6149358390583559,0.22774142486203164
0.5807603686635945,0.5585453307883432,0.26457253673410713
0.6706924315619969,0.6871371648899592,0.2305508037750715
0.6219598583234947,0.5435875474715514,0.246902964378118
0.6010159316555069,0.6452233419448286,0.2625603561072239
0.5809356725146199,0.5408567826754662,0.25281492003175277
0.6190585533869115,0.6338359238975017,0.25003853362107764
0.6682027649769584,0.7093983111657913,0.2373358611286522
0.5960648148148148,0.5538345979751017,0.25602303546534777
0.6688878676470588,0.6939780459763041,0.2404745976409827
0.5319247736243324,0.617968223800067,0.2896549798122335
0.5744949494949495,0.6251513478323708,0.26417073796112883
0.5980769230769232,0.48124433492670543,0.25296919340692425
0.6351351351351352,0.5980209224691074,0.24064576698222315
0.6062729779411764,0.6350927992613925,0.255120329417817
0.5560146923783287,0.5440131156294421,0.27748509300026136
0.5571163222660784,0.5887126848731585,0.2648902138208363
0.5789412584165311,0.5524081725187393,0.2662803028928046
0.6188762479684236,0.6053439783094678,0.24229120872032475
0.6322751322751323,0.6626579479074385,0.2511793695264931
0.594778007821486,0.5884514197690311,0.26075409431123847
0.6017922794117647,0.5921132316852084,0.2615369432409433
0.6755453501722158,0.6521910400540468,0.23870970977606354
0.6043981481481482,0.5766630027219191,0.2513699049126711
0.7064814814814814,0.7201407223066608,0.22100098920288244
0.5957175925925926,0.5610279584857724,0.25630681903402514
0.6482718894009216,0.6958096441309664,0.2413610089082781
0.5975783475783475,0.5347044315387346,0.25453046800942863
0.5630339413530362,0.5292017106163247,0.2749105731114944
0.6162683823529411,0.6187658081496721,0.2555192699724538
0.5847301951779563,0.6216167799409535,0.2653541587417787
0.6447004608294931,0.6023111636942213,0.2467681912816599
0.6591274397244546,0.6777453126878108,0.23704298328134527
0.5849598163030998,0.6021679099849632,0.2753924866281183
0.5925115207373273,0.6235232797648161,0.2663754787973536
0.6536075367647058,0.701159127444537,0.24482944749304583
0.7065792500575109,0.6762195414350426,0.2193997555503151
0.49419549570466687,0.4567022785202843,0.2945102536061528
0.6355698529411764,0.6721775351568099,0.2468349662727395
0.638888888888889,0.6288189917451528,0.24323480179244134
0.6460055096418733,0.6118729326248427,0.2512475124899182
0.6375229779411764,0.7086068870290425,0.2399886203176765
0.5988479262672811,0.6409774824843798,0.25349740615671895
0.6264976958525346,0.5922137777040235,0.24901747805348545
0.534980374047564,0.6099380252859044,0.28506793044824286
0.6658834586466166,0.5835037067399116,0.23664646393616762
0.6455783883629648,0.6303836996937298,0.23639915162135303
0.5711825487944892,0.580468737250003,0.2695344691819942
0.5984443928488506,0.5756643198979788,0.25337596482440095
0.6020243846330803,0.6461186180951128,0.2593454975855779
0.6194029850746269,0.6011217088774863,0.2510153151630719
0.5225961538461539,0.4660068594339516,0.27258012456169967
0.6283040935672514,0.5934937227803723,0.24499336436045693
0.5578341013824886,0.6185875173946284,0.27591217200362433
0.5329733455882353,0.548893992320592,0.27771272670092834
0.5923258559622195,0.5255934742011258,0.2588677450886454
0.6973593570608497,0.6725483419028007,0.22801318693098754
0.5465303308823529,0.5711328883207715,0.27947917334137884
0.6275252525252525,0.6749937172154293,0.24553269576460354
0.5607315389924086,0.6022058101856932,0.2734617823561139
0.6412468368990107,0.6611063321944093,0.24658818221430415
0.57277318640955,0.5844837327184113,0.27133675368789917
0.6222041006523765,0.5384840465316519,0.2493045827591915
0.5423943014705883,0.5261704609012435,0.2808437163608681
0.7348538011695906,0.6202310651708691,0.20807562073595054
0.6949678308823528,0.6848661616558245,0.22697376707053035
0.5812270220588236,0.5537971043010317,0.2691967791608625
0.6535017221584385,0.6587148746084507,0.2432883049932653
0.5296698222119604,0.5467076170044928,0.27730852874404255
0.5663594470046083,0.5722765710601944,0.2700833735732052
0.6,0.5830395054666447,0.2577753325894012
0.6164981617647058,0.61200700769424,0.2505301269716097
0.6315850011502185,0.6280580657257755,0.24579655014440213
0.5837359098228664,0.6036505862082236,0.2676708156303735
0.600900484876472,0.5511677343926811,0.25970831618192686
0.6947319990798252,0.6548623344308715,0.22476509923624807
0.6057781919850885,0.5917335471974807,0.2554780981608234
0.5567164179104478,0.5558498348390561,0.27857235923102486
0.5638786764705883,0.5698427131919107,0.2792350608534708
0.6315300673322499,0.5445257719269752,0.2477926912138737
0.5405405405405406,0.4800096278771209,0.2788094863177143
0.6050149528410398,0.6133331579348203,0.26303679073316
0.6272101033295063,0.6678827633522758,0.24570090723913662
0.6154641544117648,0.6531889152788383,0.245440607482038
0.6538108356290174,0.6210964175565292,0.24189341677204126
0.597739981360671,0.6748961631589836,0.27030545812000156
0.6942187137218482,0.688386229710691,0.21810099374712097
0.532735321528425,0.4979546009657885,0.2819304109786979
0.7131204044117646,0.6936658765930844,0.22024566648429578
0.6153570575591115,0.5132791786502424,0.24871136637949903
0.6511387163561076,0.6888455083943207,0.23620325763760167
0.5570508396595353,0.5444323299894254,0.27869299225565813
0.6499884978145847,0.6822298287642611,0.2400945311744163
0.5820105820105821,0.5766633777435219,0.2637988712830377
0.7159586681974741,0.7220788850205264,0.21761720812894073
0.614523204802586,0.6040941565463465,0.252286982443098
0.6543053960964409,0.6770965178828706,0.2373085236318894
0.6226700838769804,0.6961463552495019,0.25747962088466164
0.5652123995407579,0.6025352204887648,0.27020884545277374
0.5493087557603686,0.5191543935665682,0.2830540340524034
0.6398148148148147,0.5856567624343518,0.24363532209595484
0.6918685927306618,0.6209934354637605,0.22605265508172015
0.5129825367647058,0.5746454115729015,0.2942752384560932
0.6391203703703703,0.5993621199250097,0.2410522564494383
0.5811121323529411,0.5529381356928686,0.2678056299456067
0.5971674019038774,0.5305530262814295,0.25335444158330317
0.5888248847926268,0.5565147413468283,0.2588096084118538
0.6349862258953167,0.6387868279769,0.24879456444152595
0.5591138659320478,0.571253692509429,0.2763332278481543
0.5475640729623643,0.537871475100761,0.2760109395203659
0.5572174738841406,0.4933536275356085,0.26150819990753743
0.6676997245179063,0.6630418552714203,0.236155658669446
0.5167623421354764,0.5632531499865909,0.2807787361485309
0.5378421900161031,0.5843811767450309,0.2838419928015575
0.5953584558823529,0.53240846356193,0.2611315602609185
0.6084558823529412,0.6078146097140902,0.249701125596878
0.5519301470588235,0.5825998494670044,0.2765830791445548
0.5917801893327176,0.5185055054243976,0.26177768007404456
0.48382526564344747,0.4483013299185178,0.3084008246273797
0.6342646040175479,0.6085182004901091,0.24081078688687338
0.63216011042098,0.6252793386778213,0.24651355905643502
0.6608294930875576,0.6136032310819483,0.2470490812571788
0.6089256958822175,0.6725116076092201,0.2537658552088921
0.5252583237657864,0.5710281798733086,0.270861674932946
0.5862821691176471,0.6005008942807022,0.25837684592784643
0.6028657968313141,0.6784873229876296,0.2624193697876625
0.6095906432748538,0.565520588731943,0.25476563595335355
0.6249138920780712,0.6145391772950752,0.2468625844287743
0.589141936968024,0.5972199803141315,0.2648315923935014
0.6319556684368506,0.578806966421687,0.24665920360846885
0.6397244546498277,0.6717013175836984,0.24597180211274253
0.5717736369910282,0.5828422753234688,0.26851070821257467
0.6513414634146341,0.5646678050177728,0.24587997103673737
0.6160570508396594,0.6461738228385574,0.25262000482943064
0.6511387163561076,0.6918426218900067,0.23821942711237798
0.5774971297359357,0.5837842064333382,0.26916973967102875
0.6591880341880342,0.5669798278687901,0.2325319312098351
0.6195852534562212,0.6750333640916617,0.2508371122942214
0.6424632352941176,0.6116751257952975,0.2485783728272628
0.5201388888888889,0.519846005720119,0.29139141816660796
0.6346507352941174,0.6495138608727011,0.24152895870285168
0.6147842056932966,0.6019570165112542,0.25777709754731976
0.6754608294930875,0.6543654221889521,0.23392866948124452
0.5586405529953917,0.5863790275929629,0.27074718503488415
0.6331571691176471,0.6797851353278701,0.24844993047977873
0.6897382920110192,0.7138041246459845,0.22323678596500937
0.5800326188257223,0.5527523482737151,0.26397376035430464
0.5832748538011696,0.5240399358023048,0.26506210179383705
0.6363636363636364,0.6468106201536747,0.24266549101553012
0.6830808080808081,0.7027486331562371,0.23250858120958337
0.6196491228070176,0.5572857583335239,0.2504752393849026
0.6748842592592593,0.6483589494319073,0.22902956222748783
0.6038647342995169,0.5951192177057679,0.25866782289427726
0.604390243902439,0.5199457523136062,0.24696130587078868
0.6973502304147465,0.6693861661804171,0.21774233363419526
0.594815668202765,0.6077652451176174,0.25412415758824025
0.6848154167634084,0.6284052466684119,0.22605020472386522
0.5977037887485649,0.6291726265166264,0.25722140267308163
0.5580941446613089,0.5890101141731419,0.2641762784503657
0.5477611940298508,0.5490097038170506,0.2682917336806689
0.6412816345484095,0.6434645782097006,0.23323113166350706
0.6026406429391504,0.6009166770744276,0.2552035470026985
0.5993709226467847,0.5679454338688557,0.2502260060626093
0.6163030998851894,0.6032496911194524,0.2588581580457447
0.5911075367647058,0.5608586986793597,0.26709545094521936
0.648105625717566,0.6164705151066212,0.24016410184756948
0.6271367521367522,0.5500793727777411,0.24050642173171616
0.556935817805383,0.541634476758291,0.2790072702231547
0.619140625,0.6094061905938701,0.25075265931351104
0.5825856912813434,0.5637241269018203,0.26835667168876415
0.447009928422997,0.478692801062714,0.3190999224460279
0.6138011695906432,0.5486324475508177,0.24815195495463024
0.559322033898305,0.6171678808809318,0.27764115518621174
0.5805970149253731,0.6119492166134937,0.26704212040543424
0.5482204362801378,0.6226518796768001,0.27209845528168336
0.627337797275456,0.5902187130295794,0.24930239743311997
0.6429239766081871,0.5736271022539265,0.23692515439482675
0.5304247990815155,0.5603483373529243,0.2836855524740114
0.5602507545855584,0.5234710142662292,0.2697987456171438
0.5771889400921659,0.5457897052859462,0.2620133356448246
0.5535017221584385,0.5676337592116034,0.27359872771109994
0.6351320321469575,0.6252948173028148,0.24853364345613707
0.5467601102941176,0.567674435484528,0.28257093143151824
0.6315230224321133,0.5365636640793772,0.24119217271832627
0.6228353728930963,0.5671243710768542,0.2540285593259061
0.5835058661145617,0.5844958430515517,0.26247427231041465
0.7216222426470589,0.702705843282968,0.2175108096519551
0.556129476584022,0.5627521686263894,0.28413728685042094
0.6600944510035418,0.628367989810261,0.23383131143372402
0.6151315789473685,0.5462372998948889,0.24796518513829957
0.5352468427095293,0.5572202881075659,0.2828202752136009
0.5601382488479262,0.5382403915578151,0.2651020375963206
0.5778900375939849,0.5009835322710454,0.26048671681058544
0.6285380116959064,0.5652565851066107,0.24281049908214858
0.6932027649769585,0.6459726046122867,0.2233550784552315
0.6800925925925926,0.638138747686125,0.2315546152695468
0.6071759259259261,0.5666619008621604,0.25445335228088944
0.6160386029411764,0.6166448975206648,0.25834074387506506
0.5702345019735314,0.5363848904813305,0.264769856946092
0.6678530424799082,0.6954771517889574,0.23533036659798454
0.5385674931129477,0.5521957037823071,0.27750795043027654
0.6536866359447004,0.6166878013783259,0.23578924967753506
0.5156429721647113,0.5165617950802581,0.2900304933817427
0.5900512581547064,0.555091110818208,0.2598714830445015
0.5945821854912763,0.6102710114426005,0.2629416281717586
0.5734241514661742,0.6326713524988001,0.26686691121444533
0.5885668276972624,0.546865156471434,0.26520561452844094
0.6317972350230415,0.5757425456684819,0.2504488456264895
0.7067901234567903,0.5991868535160921,0.21866939571652816
0.5667060212514757,0.5158864533623597,0.2657053235116876
0.5342056932966024,0.5729135685959803,0.2820914059837121
0.5079201101928374,0.5423265583468861,0.2947769613006664
0.635110294117647,0.6382084220465372,0.24627802908197363
0.6306295955882354,0.656337672095359,0.2483975322667176
0.5148105625717566,0.5140498762485222,0.2873839811190949
0.5909304511278195,0.5482438640608437,0.25815325160864333
0.6594669117647058,0.6725372178352372,0.23732468561185488
0.5620982552800734,0.5789762324599484,0.27379550922232937
0.590625,0.552103388439035,0.2620039607906945
0.6073199527744982,0.5501097661064889,0.25495278381949577
0.6159420289855073,0.6734729009052115,0.24994068893294719
0.6456938351419994,0.5974984942848222,0.2439395053159993
0.65,0.6284215255111423,0.24160648946599203
0.6696178937558249,0.5995242223719005,0.23205390254065233
0.5295543754329255,0.5357173621131294,0.28845779738225225
0.6518595041322314,0.6559566695776237,0.24414126620472595
0.5437083045778699,0.5504897168616023,0.27369757366761766
0.5753867467097667,0.551001387793265,0.2681298288159136
0.5757994018863585,0.568954398527818,0.26818179982970336
0.6946830740654749,0.6403881900681268,0.22297490773515818
0.61463133640553,0.5652194696816417,0.25765191597013715
0.6129514607775477,0.6040856361695494,0.2601579884670909
0.6123271889400922,0.5954217150929049,0.2520800135795748
0.577435661764706,0.5782676100006173,0.26769545111214044
0.6294930875576037,0.6418249438170526,0.24265947000474736
0.5622242860459717,0.5126037160029439,0.26645314443940427
0.5761278195488722,0.5248950088402108,0.2661784527025129
0.6008101851851853,0.596050729531687,0.26054132860417323
0.6658834586466165,0.6561058711008784,0.22886220323888604
0.6017922794117647,0.610490901763245,0.25807636924901495
0.6814035087719299,0.7330454106801472,0.23535088732909823
0.5162442396313364,0.52009926686534,0.29119330479786465
0.6652864044168392,0.6192023942354489,0.23775064645942243
0.5847578347578347,0.5619703226673541,0.2438077404249523
0.6162870945479642,0.6180454671148266,0.24927343359797813
0.6225694444444445,0.5585734764546981,0.24644996254769902
0.6214876033057851,0.5395094408283397,0.2435996497085561
0.5984953703703704,0.560443610001717,0.2563351266080844
0.7039035591274398,0.702276450120499,0.2229937927295499
0.5568207959512307,0.557021428194381,0.27164456069141774
0.7068806280304779,0.680033075720343,0.21889744995189656
0.5426997245179064,0.5369057453637187,0.2768131152950386
0.6541676618103655,0.5725137498473559,0.23620407461193654
0.6777343749999999,0.6801726314531757,0.22889921029393845
0.5360753676470589,0.5179357316600066,0.292440119225982
0.6509259259259259,0.6472380184762863,0.23579666395344842
0.5424107142857143,0.5294576063068599,0.2696313769132757
0.5679678530424799,0.5588526094221496,0.27098142382006885
0.6752068014705883,0.6690894285753843,0.22876614937333398
0.5579493087557604,0.5993716246216594,0.2759543887164321
0.6910447761194031,0.6445559770906648,0.2233203071364358
0.6528048780487805,0.5790735877121004,0.23737494731915765
0.6091246807522638,0.5450481398088985,0.2579637582721001
0.5884377967711301,0.5191746351606924,0.25825213004602193
0.5228630514705882,0.5477486046944491,0.2827094771650979
0.7019761029411765,0.6671730169007465,0.22478981552343136
0.5569460390355913,0.5595969304691907,0.27351444132026104
0.6140614176864465,0.6935846150086895,0.2532730644398852
0.5218423551756886,0.4268895557463627,0.2818082948662597
0.6235361653272102,0.6485859025597425,0.2477447951127432
0.5558197747183979,0.443634516347165,0.2649861629586413
0.5656020220588235,0.5628170381221904,0.26933440586717267
0.6167866264221036,0.5728547645290262,0.25481838139565205
0.622702205882353,0.6367156834217862,0.2473239625894159
0.5980324074074074,0.5672412638046935,0.25767485961897246
0.6655188246097337,0.6831270744761486,0.23371823344241052
0.6182957975388901,0.5603365175583795,0.24683770610863615
0.60093567251462,0.6584355027643816,0.26022307999958616
0.5895906432748538,0.543826875275647,0.2646626248803723
0.5480238970588235,0.5519022766516609,0.27792017653031864
0.5883038210624417,0.6238839909655517,0.26479356009207666
0.6131291547958214,0.5638434154024453,0.2450952432729508
0.6174277726001866,0.5845496614524543,0.25140132980228996
0.5823002754820936,0.5997116146733591,0.26615568144083784
0.6054147465437789,0.6229242153400046,0.2568686849259725
0.48006912442396316,0.5182734539081792,0.29160655377048117
0.6220156106519743,0.6100649597116548,0.2538091373041238
0.5533410138248848,0.5773277105861905,0.2729865606187198
0.5137772675086109,0.4992466781246765,0.2880238800798052
0.6168452935694315,0.5700878474313527,0.2562582953179553
0.6071761416589002,0.6750466461670563,0.25655062948224033
0.639751552795031,0.6132986540733909,0.24490595494853487
0.6095890410958904,0.6092300767893352,0.24670310480910868
0.5608556675682321,0.4584443469003184,0.2601952574901746
0.5877314814814815,0.5903414607831508,0.2608104785891737
0.5494025735294118,0.5603381376721572,0.2802635446325995
0.6595353117092247,0.6831442773524785,0.2382380852707831
0.6413194444444444,0.5596550990813766,0.2434654631285215
0.5156725146198831,0.46648937809025537,0.28477954492228985
0.6503472222222223,0.6555988518239452,0.24516216476652491
0.6651461988304094,0.5955743225804446,0.23748888667246967
0.5907834101382489,0.5972981430501156,0.2609477685195336
0.5981158088235294,0.5902234785821554,0.26616050728972845
0.5789473684210527,0.5160662384066241,0.2637052412201484
0.6119212962962963,0.5759865156809357,0.2547631653557797
0.515438596491228,0.5700450101308208,0.28854929849763356
0.604669887278583,0.5910349451119014,0.2599725567802547
